Item,Item_Key,N,Pearson_r,Pearson_p,Pearson_sig,Spearman_r,Spearman_p,Spearman_sig
토마토 (케찹),Tomatoes,25,0.7404662939668034,2.314045148630781e-05,True,0.8392307692307692,1.5852354181967376e-07,True
계란 (마요네즈),Eggs,25,0.8496051308424162,7.7670290525531e-08,True,0.8361538461538461,1.9401741215912673e-07,True
건고추 (스리라차),Chillies_dry,25,0.8954327184428191,1.5025225285594488e-09,True,0.826923076923077,3.4730186458766826e-07,True
풋고추,Chillies_green,25,0.8079554915118974,1.0397351343529018e-06,True,0.8561538461538462,4.814666025093805e-08,True
