Item,Item_Key,CV_Percent,YoY_SD,Temp_Sensitivity_MT_per_C,Temp_Sensitivity_Pct_per_C
토마토 (케찹),Tomatoes,20.951330988028456,4.07492011248502,79.47388465480934,90.02305508110115
계란 (마요네즈),Eggs,17.567804796431208,2.55724262292591,729.5676266550364,86.61068210541718
건고추 (스리라차),Chillies_dry,28.282447412147864,10.244426355414856,3.56426733807428,146.95581737519305
풋고추,Chillies_green,19.83578346592069,2.8252167439572293,18.757736913217755,92.9980047807336
